input_text,reference,greedy,beam,top_k,top_p,greedy_overlap,greedy_model,beam_overlap,beam_model,top_k_overlap,top_k_model,top_p_overlap,top_p_model
"#Person1#: Hi, Mr. Smith. I'm Doctor Hawkins. Why are you here today?
#Person2#: I found it would be a good idea to get a check-up.
#Person1#: Yes, well, you haven't had one for 5 years. You should have one every year.
#Person2#: I know. I figure as long as there is nothing wrong, why go see the doctor?
#Person1#: Well, the best way to avoid serious illnesses is to find out about them early. So try to come at least once a year for your own good.
#Person2#: Ok.
#Person1#: Let me see here. Your eyes and ears look fine. Take a deep breath, please. Do you smoke, Mr. Smith?
#Person2#: Yes.
#Person1#: Smoking is the leading cause of lung cancer and heart disease, you know. You really should quit.
#Person2#: I've tried hundreds of times, but I just can't seem to kick the habit.
#Person1#: Well, we have classes and some medications that might help. I'll give you more information before you leave.
#Person2#: Ok, thanks doctor.","Mr. Smith's getting a check-up, and Doctor Hawkins advises him to have one every year. Hawkins'll give some information about their classes and medications to help Mr. Smith quit smoking.",Mr. Smith. Mr. Smith is Doctor Hawkins. Mr. Smith recommends getting a check-up. Mr. Smith tells Mr. Smith that Mr. Smith should have one every year. Mr. Smith recommends taking a deep breath. Mr. Smith tells Mr. Smith that Mr. Smith's smoking is the leading cause of lung cancer and heart disease,Mr. Smith. Mr. Smith is Doctor Hawkins. Mr. Smith recommends getting a check-up. Mr. Smith tells Mr. Smith the best way to avoid serious illnesses is to find out about them early. Mr. Smith advises Mr. Smith to get a check-up.,"Professor Hawkins and Dr. Martin will get a check-up for their own good. Mr. Smith said Mr. Smith was suffering cancer and heart disease the day before, and Mr. Smith asks Dr. Hawkins about smoking. All they learn is to be present.",Mr. Smith. Mr. Smith asks Ms. Smith why he needs a check-up. Mr. Smith calls him Doctor Hawkins. Mr. Smith recommends Mr. Smith's diagnosis. Mr. Smith calls Mr. Smith to check-up and says he has smoke. Mr. Smith gives him more information before leaving.,0.29885057471264365,0.8562123775482178,0.2631578947368421,0.8538341522216797,0.2105263157894737,0.8358902335166931,0.275,0.8416441082954407
"#Person1#: Hello Mrs. Parker, how have you been?
#Person2#: Hello Dr. Peters. Just fine thank you. Ricky and I are here for his vaccines.
#Person1#: Very well. Let's see, according to his vaccination record, Ricky has received his Polio, Tetanus and Hepatitis B shots. He is 14 months old, so he is due for Hepatitis A, Chickenpox and Measles shots.
#Person2#: What about Rubella and Mumps?
#Person1#: Well, I can only give him these for now, and after a couple of weeks I can administer the rest.
#Person2#: OK, great. Doctor, I think I also may need a Tetanus booster. Last time I got it was maybe fifteen years ago!
#Person1#: We will check our records and I'll have the nurse administer and the booster as well. Now, please hold Ricky's arm tight, this may sting a little.",Mrs Parker takes Ricky for his vaccines. Dr. Peters checks the record and then gives Ricky a vaccine.,and Mrs. Parker are here for his vaccines. Dr. Peters is here for his vaccination records. Dr. Peters will check the records and the nurse will administer Ricky's vaccine.,and Mrs. Parker are here for his vaccines. Dr. Peters and Dr. Peters are here for Ricky's vaccination records. Dr. Peters will check the records and I will have the nurse administer and the booster.,". Dr Peters, I have some infos. Dr. Peters will be recommending a Tetanus booster and to Dr Peters, Dr. Peters will check their records, and Mr. Peters will have a Tetanus booster.",", and Mrs. Parker are here for his vaccines. Dr. Peters is good because of the vaccines and Dr Peters recommends Ricky's vaccines and Dr Peters will check the records. Mr. Peters recommends Ricky's injection and the booster. Mrs. Parker, #Person1# says he may need a Tetan",0.45833333333333326,0.8770437240600586,0.3333333333333333,0.8593000173568726,0.16,0.7848237752914429,0.33333333333333337,0.8650619387626648
"#Person1#: Excuse me, did you see a set of keys?
#Person2#: What kind of keys?
#Person1#: Five keys and a small foot ornament.
#Person2#: What a shame! I didn't see them.
#Person1#: Well, can you help me look for it? That's my first time here.
#Person2#: Sure. It's my pleasure. I'd like to help you look for the missing keys.
#Person1#: It's very kind of you.
#Person2#: It's not a big deal.Hey, I found them.
#Person1#: Oh, thank God! I don't know how to thank you, guys.
#Person2#: You're welcome.",#Person1#'s looking for a set of keys and asks for #Person2#'s help to find them.,#Person1# and #Person2# are very kind of #Person1#. They're welcome.,#Person2#'s first time here. #Person1# asks #Person2# to help #Person2# look for missing keys.,"it. #Person1# finds five places and a small foot ornament. #Person2# likes to search for the missing keys, and also likes to get some help.","Thank God, #Person1#, for finding them. #Person2# asks him to help you locate the missing keys and pick him up and finds the missing keys.",0.21428571428571427,0.8103794455528259,0.25,0.8907262682914734,0.2380952380952381,0.8476265668869019,0.19047619047619052,0.8602424263954163
"#Person1#: Why didn't you tell me you had a girlfriend?
#Person2#: Sorry, I thought you knew.
#Person1#: But you should tell me you were in love with her.
#Person2#: Didn't I?
#Person1#: You know you didn't.
#Person2#: Well, I am telling you now.
#Person1#: Yes, but you might have told me before.
#Person2#: I didn't think you would be interested.
#Person1#: You can't be serious. How dare you not tell me you are going to marry her?
#Person2#: Sorry, I didn't think it mattered.
#Person1#: Oh, you men! You are all the same.",#Person1#'s angry because #Person2# didn't tell #Person1# that #Person2# had a girlfriend and would marry her.,tells #Person1# #Person2# you had a girlfriend. #Person1# tells #Person2# you were in love with her.,#Person1# tells #Person2# #Person2# had a girlfriend. #Person1# tells #Person2# #Person2# is in love with her. #Person2# doesn't think it mattered.,#Person2# should tell #Person1# you had a girlfriend. #Person2# also asks #Person2# not. #Person2# doesn't understand.,#Person1# tells #Person2# #Person1# you have a girlfriend. #Person1# asks #Person2# to tell you they were in love with her.,0.35294117647058826,0.876492977142334,0.35000000000000003,0.9037728905677795,0.34285714285714286,0.8996152877807617,0.3157894736842105,0.8956275582313538
"#Person1#: Watsup, ladies! Y'll looking'fine tonight. May I have this dance?
#Person2#: He's cute! He looks like Tiger Woods! But, I can't dance. . .
#Person1#: It's all good. I'll show you all the right moves. My name's Malik.
#Person2#: Nice to meet you. I'm Wen, and this is Nikki.
#Person1#: How you feeling', vista? Mind if I take your friend'round the dance floor?
#Person2#: She doesn't mind if you don't mind getting your feet stepped on.
#Person1#: Right. Cool! Let's go!",Malik invites Nikki to dance. Nikki agrees if Malik doesn't mind getting his feet stepped on.,Malik and Nikki. #Person1# will dance. #Person2# tells Malik that Nikki can't dance. #Person1# and Nikki are both happy.,Malik and Nikki. #Person1# tells Malik that Nikki can't dance. #Person2# will show #Person1# all the right moves. #Person1# and Nikki agree.,". #Person1#, Malik, and Nikki are great and I will meet you for the dance. It's good. #Person2# asks Nikki for the dance.","Nikki’s happy tonight. #Person2# finds Malik, so the dance is good. Nikki, Nikki and Nikki are very welcome and happy to see Nikki dance.",0.27027027027027023,0.766072154045105,0.19999999999999998,0.7719404101371765,0.19999999999999998,0.7448885440826416,0.19047619047619052,0.7677559852600098
"#Person1#: Happy birthday, Aims!
#Person2#: Thank you, Lisa.
#Person1#: Here is a present for you. I hope you like it.
#Person2#: Oh, great! I love it! You know I've been expecting this for a long time.
#Person1#: I'm very glad to hear that.
#Person2#: Come here ; let me introduce some friends to you.",Lisa gives Aims a birthday present and Aims loves it.,Lisa and Lisa are celebrating their birthday. They are very happy.,#Person1# and Aims are celebrating their birthday and Lisa will introduce some friends to Lisa.,and Lisa will celebrate Aims. Aims wishes Lisa their birthday. Lisa invited me here and she introduces some friends to Lisa. She will bring Aims to Lisa.,Lisa gives Aims a present. Lisa will present it to her. She will introduce some friends to him.,0.1904761904761905,0.8008904457092285,0.24,0.8018580079078674,0.2702702702702703,0.8162510991096497,0.42857142857142855,0.8391903042793274
"#Person1#: Here we come.
#Person2#: Thank you. What's the fare?
#Person1#: $ 10.
#Person2#: How can it be?
#Person1#: Well, the rate is two dollars for the first two kilometers and twenty cents for each additional two hundred meters.
#Person2#: I see. Thanks for your drive.",#Person1# tells #Person2# the fare of taking a taxi.,and #Person2# come to #Person1#. #Person2# asks #Person1# to pay the fare.,#Person2# tells #Person1# the rate is two dollars for the first two kilometers and twenty cents for each additional two hundred meters.,#Person1# and #Person2# see the rates. Please tell #Person2# the price and the rate of the distance is $10.,", #Person1# and #Person2# get the fare and have a drive.",0.380952380952381,0.8861755132675171,0.1290322580645161,0.8152827024459839,0.2857142857142857,0.8447035551071167,0.5263157894736842,0.8740880489349365
"#Person1#: Can I help you?
#Person2#: Yes. I sent in my resume at the end of last week. I'm applying for the accounts assistant position.
#Person1#: May I have your name please?
#Person2#: My name is Judy Liao. That's spelled L I A O.
#Person1#: Alright. . . And did you have some specific questions about your application?
#Person2#: Not really. I was in the neighborhood, and I just wanted to stop in to see if you received my resume.
#Person1#: Oh, that's no problem. Just give me a moment, and I can check. Judy Liao. Let's see. . . Yes, here it is. Judy Liao. We have received your resume.
#Person2#: Thank you.
#Person1#: Is there anything else I can help you with?
#Person2#: Yes, maybe. The ad in the newspaper said you wanted the resume, a cover letter, and two letters of recommendation. I included those things in the envelope. Is there anything else I should send?
#Person1#: No, that is all we need. If we have those things included, that is sufficient.
#Person2#: Do you know when they will start setting up interviews for the job?
#Person1#: I'm not really sure about that. But I know we are still receiving resumes. Maybe after a week or two they will start calling applicants.
#Person2#: I see. Well, thank you very much for helping me. You have been very helpful.
#Person1#: If you have any further questions, you can call any time.
#Person2#: Thank you.
#Person1#: Thank you. Goodbye.","Judy Liao's applying for the accounts assistant position. She asks #Person1# whether they have received her resume, and #Person1# helps her check. #Person1# tells Judy there's nothing else she should send, and after a week or two they may start calling applicants.",Judy Liao. Judy Liao is applying for the accounts assistant position. Judy Liao tells her she received her resume. Judy Liao asks for help.,Judy Liao's applying for the accounts assistant position. Judy Liao tells #Person1# she sent in her resume at the end of last week and she's applying for the accounts assistant position. Judy Liao asks for help.,Judy Liao and Judy Liao. I sent in a resume and Judy is applying for the accounting assistant position. Judy describes what she's got from her job.,"Judy Liao, is applying for the accounts assistant position. Judy Liao tells the newspaper Judy received the resume. Judy will call.",0.38235294117647056,0.8400132656097412,0.3414634146341463,0.8727139830589294,0.25000000000000006,0.8051045536994934,0.3384615384615385,0.8208573460578918
"#Person1#: This is a good basic computer package. It's got a good CPU, 256 megabytes of RAM, and a DVD player.
#Person2#: Does it come with a modem?
#Person1#: Yes, it has a built-in modem. You just plug a phone line into the back of the computer.
#Person2#: How about the monitor?
#Person1#: A 15 - inch monitor is included in the deal. If you want, you can switch it for a 17 - inch monitor, for a little more money.
#Person2#: That's okay. A 15 - inch is good enough. All right, I'll take it.",#Person1# shows a basic computer package to #Person2#. #Person2# thinks it's good and will take it.,"is a good basic computer package. It's got a good CPU, 256 megabytes of RAM, and a DVD player. #Person1# recommends a 15 - inch monitor.","is a good basic computer package. It's got a good CPU, 256 megabytes of RAM, and a DVD player.","offers a good basic computer package and it's got a good CPU, 256 megabytes of RAM and a DVD player from the PC. The monitor comes with a built-in modem. #Person1# switches it to a 17 - inch monitor, for a little more money.",the deal. #Person1# compares the monitors to #Person2#'s basic computer package.,0.372093023255814,0.8211586475372314,0.4324324324324324,0.762345552444458,0.2903225806451613,0.8051139116287231,0.27586206896551724,0.8833419680595398
"#Person1#: Excuse me, do you know where the visa office is?
#Person2#: Yes, I do. I'll walk you there.
#Person1#: Thanks.
#Person2#: Are you applying to study or work abroad?
#Person1#: I want to study abroad.
#Person2#: What do you want to study?
#Person1#: I hope to study English Literature.
#Person2#: Have you got your visa yet?
#Person1#: Not yet. I have an interview with a visa official today.
#Person2#: I see. Is it your first interview?
#Person1#: No, I'Ve already been here for 3 interviews.",#Person1# has an interview with a visa official. #Person1# asks #Person2# the way to the visa office.,#Person1# asks #Person2# to study English Literature. #Person2# asks #Person1# to go to the visa office. #Person1# asks #Person2# to go to the visa office.,#Person1# tells #Person2# #Person2# wants to study English Literature. #Person2# asks #Person1# where the visa office is. #Person2# will walk #Person1# there.,#Person2# asks #Person1# to study abroad. #Person2# asks #Person1# to meet #Person1# and #Person2# will walk out. #Person1# asks #Person2# where the visa office is. She tells #Person1# #Person1# is here for 3,#Person1# and #Person2# have an interview today with a visa official. The interview is being carried out today. #Person1# says #Person2#'s first interviews and will walk the visa official there.,0.42857142857142855,0.8991023302078247,0.30769230769230765,0.8934293389320374,0.27999999999999997,0.8817524909973145,0.4583333333333333,0.8994778990745544
"#Person1#: Could you do me a favor?
#Person2#: Sure. What is it?
#Person1#: Could you run over to the store? We need a few things.
#Person2#: All right. What do you want me to get?
#Person1#: Well, could you pick up some sugar?
#Person2#: Okay. How much?
#Person1#: A small bag. I guess we also need a few oranges.
#Person2#: How many?
#Person1#: Oh, let's see. . . About six.
#Person2#: Anything else?
#Person1#: Yes. We're out of milk.
#Person2#: Okay. How much do you want me to get? A gallon?
#Person1#: No. I think a half gallon will be enough.
#Person2#: Is that all?
#Person1#: I think so. Have you got all that?
#Person2#: Yes. That's small bag of sugar, four oranges, and a half gallon of milk.
#Person1#: Do you have enough money?
#Person2#: I think so.
#Person1#: Thanks very much. I appreciate it.","#Person1# asks #Person2# to do a favor. #Person2# agrees and helps buy a small bag of sugar, six oranges, and a half-gallon of milk.",. #Person1# asks #Person2# to pick up some sugar. #Person2# asks #Person1# to pick up some sugar. #Person2# thinks a half gallon will be enough.,"#Person1# asks #Person2# to pick up some sugar, four oranges, and a half gallon of milk.","is getting a little stuff. She thinks she need about six in a larger bag of sugar, four oranges, and a half gallon of milk.",". #Person2# thinks he wants to get three bags of sugar, four oranges, and a half gallon of milk.",0.3673469387755102,0.8735420107841492,0.5853658536585366,0.9400820732116699,0.48,0.8248463869094849,0.5116279069767442,0.9015828371047974
"#Person1#: Look! This picture of Mom in her cap and gown.
#Person2#: Isn't it lovely! That's when she got her Master's Degree from Miami University.
#Person1#: Yes, we are very proud of her.
#Person2#: Oh, that's a nice one of all of you together. Do you have the negative? May I have a copy?
#Person1#: Surely, I'll have one made for you. You want a print?
#Person2#: No. I'd like a slide, I have a new projector.
#Person1#: I'd like to see that myself.
#Person2#: Have a wallet size print made for me, too.
#Person1#: Certainly.",#Person2# thinks the picture is lovely and asks #Person1# to give a slide and a wallet-size print.,is proud of Mom. #Person1# and #Person2# are very proud of Mom. They have a wallet size print made for them.,#Person1# and #Person2# have a wallet size print made for #Person1#.,says Mom is Take it too. Then I want a wallet size print. They also have a copy.,". It looks lovely, Dad and Mom is great. #Person1# and Mom are proud of their respective lives. They wish the little baby, so #Person1# will have a wallet size print made for them.",0.358974358974359,0.8312353491783142,0.41379310344827586,0.8702000379562378,0.2777777777777778,0.7934287190437317,0.3137254901960784,0.8340681791305542
"#Person1#: Did Bean send these dirty jokes to you, too? Look!
#Person2#: What a creep! Phony good luck e-mails are one thing, but sexual harassment is crossing the line.
#Person1#: No wonder he asked for my address first-he just wants to harass me!
#Person2#: You could try using a spam filter to reject stuff that's obviously pornographic or anything else you don't want.",#Person2# suggests #Person1# use a spam filter to reject Bean's pornographic stuff.,asks Bean to send dirty jokes to Bean and Bean. #Person2# asks for Bean's address and Bean wants to harass him.,"#Person2# asks #Person1# to send dirty jokes to Bean, but sexual harassment is crossing the line. #Person2# uses a spam filter to reject pornographic stuff.",’s and Bean's weird jokes. #Person1# asks for Bean's address before she'll harass her. #Person2# asks Bean to spam her and Bean wants to harass her.,Bean sent these dirty jokes to Bean and #Person2# looks like a creep! #Person2# asks Bean the address after it asks for his address-he just wants to harass him.,0.1714285714285714,0.8250835537910461,0.47368421052631576,0.9155523180961609,0.14285714285714288,0.8287630677223206,0.13953488372093023,0.8084298372268677
"#Person1#: How old is Keith?
#Person2#: He's 21. how old is James?
#Person1#: He's a year older than Keith, but he looks younger.
#Person2#: How's your father?
#Person1#: He's fine. He retired last week. It's turning going in his life. Now he can relax and enjoy his retirement.
#Person2#: He can spend more time with his grandchildren.
#Person1#: Oh, I don't think he wants to. He wants to travel to several different countries around the world.
#Person2#: So, he wants to have a more active retirement. Good idea!
#Person1#: How do you want to spend your old age?
#Person2#: In the same way, probably.",#Person1# and #Person2# are talking about their families' ages. #Person2#'s father wants to travel around the world after retirement.,wants to have a more active retirement. James wants to spend his old age with his grandchildren. James wants to spend more time with his grandchildren.,wants to have a more active retirement. #Person1# wants to spend his old age. #Person2# wants to spend more time with his grandchildren.,"looks younger, and Keith can relax and enjoy his retirement, while James thinks Keith wants to have a more active retirement.",is now aged 21 and Keith is older and James thinks he wants to spend less time with his grandchildren.,0.13043478260869565,0.7346174716949463,0.18604651162790697,0.8242725729942322,0.1951219512195122,0.7272836565971375,0.15,0.7249037027359009
"#Person1#: What kind of music do you like listening to?
#Person2#: I like music that has a fast beat and is lively, like dance music. You know, I go to a disco almost every week. Sometimes it's too loud though. You prefer classical music, don't you?
#Person1#: Yes, I do. I find it very relaxing. I often listen to Mozart or Bach in the evening after a hard day at work.
#Person2#: I must admit that I like several pieces of classical music. It's certainly more sophisticated that modern dance music.
#Person1#: Classical music is supposed to be good for you brain. Research suggest that it makes your brain more active. Students who listen to classical music while studying perform better.
#Person2#: Really? Perhaps I should listen to classical music often. I heard that listening to classical music is helpful in reducing stress.
#Person1#: Yes. That's why I listen to it in the evenings. I usually play it as background music while I'm cooking or doing other housework.
#Person2#: I'Ve got a few classical music CD's. I should follow your lead and increase my brian power.
#Person1#: You can find plenty of recording on the internet too. You can listen to samples and then buy them very cheaply if you like them.
#Person2#: That's a good idea. You should do the same with some music. You might find something you like. Classical music might make you clever, but dance might make you livelier and happier.
#Person1#: That's true. There's clear evidence that people who listen to lively music are lively people. Music can influence a person's feeling and character.","#Person2# likes dance music while #Person1# prefers classical music. #Person1# suggests #Person2# listen to more classical music because it can make the brain more active and reduce stress. #Person2# tells #Person1# classical music makes #Person2# clever, but dance makes #Person1# livelier and happier.","that #Person1# likes classical music. #Person2# likes music that has a fast beat and is lively, like dance music. #Person1# likes classical music. #Person2# prefers classical music. #Person1# recommends music that is lively and has a fast beat and is lively. #Person2#","listens to music that has a fast beat and is lively, like dance music. #Person1# likes music that has a fast beat and is lively, like dance music. #Person2# prefers classical music, but #Person1# thinks it's more sophisticated than modern dance music. #Person1# suggests #Person2#","Listen to Classical Music because it's not complex. #Person2# agrees to go to a disco every week, and #Person1# gets some classical music CD's for better learning. #Person1# recommends #Person2# to listen to music, and try to do the same with some of the music online, but #P","listens to music that has a fast beat and is lively, like dance music. I prefer classical music. They also prefer a lot of classical music and they do, and they're influenced by the musicality of music.",0.3058823529411765,0.8657373189926147,0.24719101123595508,0.8748351335525513,0.2580645161290322,0.8542570471763611,0.19753086419753085,0.7525187730789185
"#Person1#: I am confused by what he said.
#Person2#: Why do you say that?
#Person1#: I don't know what he wants to do. Does he want help me or just scold me?
#Person2#: Think a little. I think he means well at the bottom of his heart.",#Person1# tells #Person2# #Person1#'s confused by the man's words.,#Person1# is confused by what he said. #Person2# thinks he means well at the bottom of his heart.,#Person1# is confused by what he said. #Person2# thinks he means well at the bottom of his heart.,takes the message. #Person2# tells #Person2# #Person1# is confused by what he got. I think he means well at the bottom of his heart.,", #Person1# has confused by what he said. #Person1# thinks he means well at the bottom of his heart.",0.27586206896551724,0.8659039735794067,0.27586206896551724,0.8659039735794067,0.34285714285714286,0.8703162670135498,0.27586206896551724,0.8594143986701965
"#Person1#: Tell me something about your Valentine's Day.
#Person2#: Ok, on that day, boys usually give roses to the sweet hearts and girls give them chocolate in return.
#Person1#: So romantic. young people must have lot of fun.
#Person2#: Yeah, that is what the holiday is for, isn't it?",#Person2# tells #Person1# their Valentine's Day. #Person1# feels it's romantic.,#Person1# tells #Person2# about Valentine's Day and #Person2# tells #Person1# about Valentine's Day.,#Person1# tells #Person2# something about Valentine's Day. #Person2# tells #Person1# about Valentine's Day.,"#Person1# asks #Person1# a topic about Valentine's Day and other romantic gifts. Everyone celebrates Valentine's Day, unless the boys give roses or chocolate.","#Person1# tells #Person2# something about Valentine's Day for #Person1#'s Day, but #Person2# and #Person2# are at the holiday party.",0.4444444444444445,0.9023534059524536,0.4444444444444445,0.9182446002960205,0.2702702702702703,0.8614182472229004,0.36363636363636365,0.8886397480964661
"#Person1#: Are these your triplets? They're beautiful! I'Ve seen other babies who were nothing but skin and bones at their age. You know, they're absolutely identical of you and John! Are you planning on having any more?
#Person2#: Bite your tongue! I'm already at the end of my rope. Some nights I don't sleep at all. John manages to sleep like a log even when the babies are screaming at the top of their lungs.
#Person1#: Well, tell me. How was the labor and delivery?
#Person2#: I wouldn't say that I had the time of my life but at least everything went without a hitch.
#Person1#: Well, hang in there. In twenty years, you'll fell it was well worth it!",#Person1# asks #Person2# whether she plans on having more babies. #Person2# refuses because #Person2# even has no time to sleep when they're screaming.,tells John John the triplets are beautiful. John tells John John the babies were beautiful and John manages to sleep like a log even when the babies are screaming at the top of their lungs.,#Person1# tells #Person2# John's triplets are beautiful and John manages to sleep like a log even when the babies are screaming at the top of their lungs.,"is thinking about having more babies. John helps him stay in the rope so John can sleep like a log even wenn the babies are shouting at the top of their lungs. #Person1# says he has two great kids, the best of them.","Then, #Person1# and John recommend the three twins. #Person2# is surprised by John's birth, and John realizes the pain. John feels the pain, his stomach and tongue.",0.1694915254237288,0.7454251050949097,0.23076923076923075,0.831889808177948,0.14925373134328357,0.7997174859046936,0.07692307692307691,0.8006026744842529
"#Person1#: Whoa, look at all those ice cream choices!
#Person2#: Yes, that is a lot of choices. What is your favorite?
#Person1#: I love anything with chocolate the best.
#Person2#: I like chocolate myself.
#Person1#: Is there any kind of ice cream you don't like?
#Person2#: I really don't like any ice cream with nuts in it.
#Person1#: I haven't ever cared for that myself.
#Person2#: Have you ever had garlic ice cream?
#Person1#: That sounds absolutely disgusting!
#Person2#: It was. Let's stick with the regular choices today, though.",#Person1# and #Person2# are talking about different choices of ice cream. They decide to choose regular ones.,. #Person1# and #Person2# are talking about all the ice cream choices today.,asks #Person1# to stick with the regular choices today.,is disgusting. #Person1# can't find all the ice cream choices. #Person2# feels disgusting.,". and #Person1# agrees. #Person1# likes all the options. #Person2# tells #Person2# they like chocolate, ice cream, nuts, and garlic ice cream.",0.5517241379310345,0.9259647727012634,0.23076923076923078,0.8216428756713867,0.1935483870967742,0.838485598564148,0.21052631578947367,0.8608494997024536
"#Person1#: So will you come to work with us?
#Person2#: Can I use my green pad again to write you admiring notes?
#Person1#: We'll have to negotiate that. It's a possibility.
#Person2#: You miss me, don't you?
#Person1#: Don't push your luck, Dave.
#Person2#: OK, I'm in. When do I start?
#Person1#: As soon as you can get here. We'll be waiting for you.","#Person1# invites Dave to work together, and Dave agrees.",Dave will come to work with Dave. Dave will have to negotiate that.,Dave will come to work with Dave. #Person1# asks Dave to use his green pad again to write you admiring notes.,Dave proposes to work with #Person1# for Dave. Dave will go and write nice notes.,Dave'll come to work with #Person1# and Dave will negotiate that. But Dave will work with #Person2#.,0.3636363636363637,0.8002701997756958,0.26666666666666666,0.8490087985992432,0.33333333333333337,0.8623535633087158,0.3703703703703704,0.8399442434310913
"#Person1#: How do you put this seat back? I know there is a lever somewhere.
#Person2#: What are you doing?
#Person1#: I'm getting dressed, what does it look like?
#Person2#: It looks like you are about to get dressed. Did you forget we are in a car on the road?
#Person1#: I'm good at this. Nobody will see anything.
#Person2#: Are you kidding? You're going to cause an accident just from people gawking!
#Person1#: All right, pull over at that service station and I'll dress in the ladies'room.
#Person2#: That will be my pleasure.","#Person1#'s getting dressed in the car, and #Person2# warns her not. #Person1#'ll get dressed at the service station.",is getting dressed. #Person1# will pull over at the service station and I'll dress in the ladies'room.,#Person1# and #Person2# will dress in the ladies'room.,"#Person1# asks #Person2# how to put a seat back to a new place. #Person2# says #Person1# is getting dressed, what does it look like?",to take their seat back to get dressed. #Person2# asks #Person1# to pull over at the service station and she dresses in the ladies'room.,0.358974358974359,0.8672628998756409,0.2758620689655173,0.8526085019111633,0.1818181818181818,0.8417962789535522,0.3111111111111111,0.8640962839126587
"#Person1#: We're supposed to check in at the Air China's counter 30 minutes before take-off, Joe.
#Person2#: Yes, I know. The boarding time on the ticket says 17:05, and now it's 16:15. I guess we have plenty of time.
#Person1#: Do we need to show our ID cards when checking in?
#Person2#: Yes. It's essential.
#Person1#: What about our luggage?
#Person2#: We can check it and hand carry the small bags. And we have to open each for inspection.
#Person1#: Are they going to frisk all the passengers?
#Person2#: I think so. We certainly don't want a hijack to happen on the plane today.",#Person1# asks #Person2# what they need to do when they check in at the Air China's counter.,Joe and Joe will check in at Air China's counter 30 minutes before take-off. Joe asks Joe to show ID cards when checking in. Joe asks Joe to check in at the Air China counter and hand carry the small bags. Joe says they will frisk all the passengers.,#Person1# asks Joe to check in at Air China's counter 30 minutes before take-off. Joe asks Joe to show ID cards when checking in and hand carry the small bags.,#Person1# asked Joe if they're going to frisk all the passengers. Joe says they want a hijack on the plane today.,"Joe says he wants a hijack on the plane. Joe tells Joe that Joe'll check in at the Air China's counter 30 minutes before take-off, and Joe wants the luggage checked and hand carry.",0.2898550724637681,0.788112223148346,0.39999999999999997,0.8517315983772278,0.25,0.8105944991111755,0.2909090909090909,0.7820352911949158
"#Person1#: I've heard that you provide very good service, so when I need a mover, I call you guys first.
#Person2#: Thanks a lot for calling us. Could you tell me more about what you need us to do?
#Person1#: Oh, you see, we are on the 8th floor, and moving into the 6th floor in another building. It is about 15 kilometers to get there.
#Person2#: OK, the cost depends on the floor to move to, the distance between two places and the amount of the furniture to move.
#Person1#: How much will it cost in that case?
#Person2#: Oh, let me see. It fits the second standard rates. Have a look at the contract, please.
#Person1#: Your charge is divided into two parts, the Payment in Advance and the rest. I thought that I should pay all of it before moving.
#Person2#: No, firstly we sign the contract ; you pay 50 % of what it costs, and the rest when we finish moving.
#Person1#: The damage and compensation item confuses me. Could you give some explanation?
#Person2#: OK. If any of the articles was damaged during moving, you may make a claim for compensation with our department.",#Person1# calls #Person2# because #Person1# needs a mover. #Person1# tells #Person2# what needs them to do and asks for the cost. #Person2# shows the contract and explains the cost and compensation.,"asks #Person1# to sign the contract. #Person2# tells #Person1# the cost depends on the floor to move to, the distance between two places and the amount of the furniture to move.","asks #Person1# to sign the contract. #Person2# tells #Person1# the cost depends on the floor to move to, the distance between two places and the amount of the furniture to move.","The work is not cheap, but for the mover, #Person1# thinks it will be expensive. Everyone comes to see the contract and the value of the furniture. The charge is divided into two parts; Payment in Advance and the rest before moving.","asks that #Person1# sign a contract, and then it costs 50 %. The damage and compensation item confuses #Person1#.",0.25806451612903225,0.8689321875572205,0.25806451612903225,0.8689321875572205,0.2191780821917808,0.8201851844787598,0.2857142857142857,0.846298098564148
"#Person1#: Hi, Mike. Haven't seen you for a while. How's Cathy?
#Person2#: We are not seeing each other any more.
#Person1#: What happened? Did you break up?
#Person2#: Yeah. I got sick and tired of her nagging all the time.
#Person1#: Oh, I am sorry. Maybe you were just emotional at that moment. Do you think you guys can get back together?
#Person2#: I don't know. There's plenty of fish out there in the sea!
#Person1#: Oh, you are such a dog!","Mike broke up with Cathy. #Person1# feels sorry, but Mike doesn't want to get back.",Mike tells Mike Mike Cathy is sick and tired of her nagging all the time. Mike tells Mike Mike Cathy is emotional.,Mike tells Mike Mike Cathy got sick and tired of her nagging all the time. Mike tells Mike Mike Cathy is not seeing each other anymore.,"Mike tells Mike Cathy can't see Mike for a while. Mike is sick and tired of her nagging all the time, but Mike tells Cathy Cathy is sorry.",Mike is upset with Mike and Cathy.,0.15789473684210525,0.7759255766868591,0.14285714285714285,0.7762461304664612,0.17777777777777778,0.8028613924980164,0.26086956521739124,0.808741569519043
"#Person1#: Out of every movie that you've seen, which one is your favorite?
#Person2#: I'm going to have to say that Superbad is the best movie ever.
#Person1#: You think so, how come?
#Person2#: Well, Superbad is super funny.
#Person1#: You're not lying, I found that movie absolutely hilarious.
#Person2#: I didn't know that you saw Superbad before.
#Person1#: I made sure to be in line to see it the first day it came out.
#Person2#: I couldn't keep from laughing throughout the whole movie.
#Person1#: I was laughing hysterically the whole time ; my stomach muscles hurt afterwards.
#Person2#: That's exactly how I felt.
#Person1#: I got the movie when it came out on DVD, do you want to come over?
#Person2#: I would love to.",Both #Person1# and #Person2# think Superbad is funny. They can't stop laughing when they watch it. #Person1# invites #Person2# to see it together.,is laughing hysterically the whole time. #Person2# finds Superbad hilarious. #Person1# tells #Person2# that Superbad is the best movie ever.,"was laughing hysterically the whole time, and #Person2# found Superbad absolutely hilarious. #Person1# and #Person2# are talking about Superbad.",said that Superbad is hilarious. #Person1# recommends Superbad and called #Person2#.,"makes the movie absolutely hilarious and that's exactly what #Person2# felt laughing because of Superbad, and they discuss it with another person each time they've watched it.",0.1818181818181818,0.8696141242980957,0.23255813953488372,0.8676167130470276,0.2285714285714286,0.8712487816810608,0.22641509433962265,0.8307766914367676
"#Person1#: What's all the security check about, Jimmy? Does it mean the bar may be a dangerous place?
#Person2#: No, of course not. Just in case. Nothing to worry about. Don't you also do this in China?
#Person1#: I don't know. Maybe the same. Actually, this is my first time being in a bar.
#Person2#: Oh, then it's my honor to be here with you. I can see now why you've been so curious about the bar stuff. You like this place?
#Person1#: Sure. I love this place, especially the decoration. So tasteful!
#Person2#: Yeah. Other than that, the real feature are the excellent drinks. Can I have your ticket?
#Person1#: Here it is. But, what for? We're already in.
#Person2#: Well, with the ticket, you can get a free drink. What would you like? Orange juice?
#Person1#: Yes, orange juice will be fine for me. But how can you get the drink? It's so crowded there around the counter. You can barely move.
#Person2#: I'll show you how. The bar tenders know whose turn it is. And also, I can snap my fingers to catch his attention.
#Person1#: Cool. Thanks.",It is the first time for #Person1# to come to the bar. #Person1# loves the tasteful decoration. Jimmy asks #Person1# to give him the ticket so that he can get a free drink for #Person1#.,Jimmy tells Jimmy Jimmy he's been in a bar and Jimmy's first time in China. Jimmy tells Jimmy Jimmy the bar stuff. Jimmy tells Jimmy he's curious about the bar stuff. Jimmy likes the decoration.,"Jimmy tells #Person1# Jimmy's first time being in a bar. Jimmy tells #Person2# that the bar is dangerous and the decoration is tasteful. Jimmy tells #Person1# the bar tenders know whose turn it is, and Jimmy snaps his fingers.","Jimmy talks about the bar security check about Jimmy's work in a safe place. Jimmy has a ticket. What are the nicest drinks? Jimmy enjoys such a place. But #Person1# tells Jimmy he loves it, especially the decoration and he can even take their hand to catch Jimmy's attention.","Jimmy's first time being in a bar. Jimmy tells Jimmy of the safe place. Jimmy says he enjoys the decoration and the good drinks. #Person1#'ll show #Person2# how. The bar tenders know whose turn it is, the juice.",0.1917808219178082,0.7649168372154236,0.24,0.8411125540733337,0.18604651162790697,0.8065969347953796,0.18666666666666665,0.8258394598960876
"#Person1#: Excuse me, do you go to the Central Park?
#Person2#: Yes, this is the right bus.
#Person1#: Could you please tell me when I get to the Central Park?
#Person2#: Don't worry. I'll call out the stops.
#Person1#: ( A few minutes later. ) Should I get off at the next stop?
#Person2#: No, don't worry. I'll get you off when you get there.
#Person1#: Is it a long ride?
#Person2#: No, not that long. Two more stops, and you'll get off, sir.
#Person1#: OK. I know. Thank you.
#Person2#: Not at all.",#Person1# takes a bus to Central Park. #Person2# tells #Person1# when to get off.,tells #Person1# when to get to the Central Park. #Person2# calls out the stops and gets off at the next stop.,tells #Person1# when to get to the Central Park. #Person2# tells #Person1# when to get to the Central Park.,#Person1# calls out stops while #Person2# gets off at the next stop. #Person2#'ll call out the stops.,", tells #Person2#, it is the bus to the Central Park, and they come to the bus and they will call out the stops.",0.34285714285714286,0.9016178250312805,0.6060606060606061,0.9141453504562378,0.1875,0.8477171063423157,0.27027027027027023,0.8319724202156067
"#Person1#: Mr. White, I would like to give you notice that I will be leaving the company. It will be effective at the beginning of the next month.
#Person2#: Jessica, I am very sorry to hear that. Why are you leaving?
#Person1#: I've been offered another job with higher salary. And it also gives me the opportunity of promotion.
#Person2#: Oh. If you had talked to me first, we would have given you a raise.
#Person1#: You are really a good employer, Mr. White and I am very lucky to have such a good boss like you. But this new job is more in my field of interest training. It's something I have always wanted.
#Person2#: Ok, good luck, Jessica. By the way, if you ever need a letter of recommendation, I would be happy to write one for you.",Jessica tells Mr. White she'll be leaving because she's been offered another job. Mr. White feels sorry but is willing to write a recommendation letter for her.,"Jessica, Jessica and Mr. White are very sorry for the news. Jessica is leaving the company. Mr. White offers Jessica a new job with higher salary and the opportunity of promotion.",Jessica tells Mr. White that she will be leaving the company. It will be effective at the beginning of the next month.,"Jessica, Mr. White, Jessica, Mr. White, Jessica. Mr. White may not notice that I will be leaving the company because M. White's training allows him to make promotion and Mr. White offers a higher salary on a job and another job with shorter salaries.",is angry and I am very sorry. Mr. White tells Jessica the reason I will leave and Mr. White offers him another job with higher salary. Jessica gives him the opportunity of promotion.,0.23333333333333334,0.834803581237793,0.27450980392156865,0.8220601677894592,0.27027027027027023,0.8227491974830627,0.16129032258064518,0.8379692435264587
"#Person1#: Have you had any experience with sales work?
#Person2#: Yes, I have. In fact, I had worked for a foreign trade company for nearly two years, where I established business ties with several firms.
#Person1#: What exactly did you do at that company?
#Person2#: Visit customers, dispatch consignments and things like that.
#Person1#: Did you like your work?
#Person2#: Yes, I did.
#Person1#: But when and why did you leave the company?
#Person2#: I left it two months ago. I didn't think I could learn much there, and there were not many opportunities for self-development.
#Person1#: I see. Why did you choose our company?
#Person2#: I've been informed that there are many opportunities to develop myself in your company. Besides, I grew up in a city in the Northeast. I have lots of acquaintances in the region, which might help to push sales.","#Person1# is interviewing #Person2# and asks #Person2# several questions, including experience with sales work, the work at the previous company, and why #Person2# left there.",and #Person2# see the opportunities for self-development. #Person1# and #Person2# have had sales work. They have been informed that there are many opportunities to develop themselves in their company.,that #Person2# left the company two months ago. #Person1# tells #Person2# that there are many opportunities to develop themselves in the company.,"asked #Person2# the location of your company, and #Person2# found the opportunity to develop it and get people from other industries.","have had some experience with sales work. #Person2# has worked for a foreign trade company for nearly two years, and has established business ties with several firms. #Person1# finds no opportunities to develop himself in the company and how to find employment.",0.2181818181818182,0.8329052329063416,0.21276595744680854,0.8496520519256592,0.21739130434782608,0.8353185057640076,0.20895522388059704,0.8419309258460999
"#Person1#: It's Sunday today.
#Person2#: Yes, I know.
#Person1#: I think we should have a house cleaning today. What's your opinion?
#Person2#: Oh, no. We just did it last week.
#Person1#: Come on. What do you want to do? Washing clothes or cleaning the house?
#Person2#: I'd rather wash the clothes.
#Person1#: Okay. Here is the laundry.
#Person2#: Oh, My God! So much!
#Person1#: Don't worry. I'll help you with it later.","#Person1# suggests having a house cleaning, and #Person2# chooses to wash clothes.",#Person1# and #Person2# discuss a house cleaning today. They discuss the laundry.,#Person1# tells #Person2# it's Sunday today. #Person2# thinks we should have a house cleaning today. #Person1# wants to wash clothes and cleaning the house.,#Person2# tells #Person1# that we should have a house cleaning today morning. They talk to #Person1# and I can help! So much!,#Person1# thinks to have a house cleaning today and #Person2# wants to wash the clothes instead. #Person2# help you with it later.,0.3333333333333333,0.8877381086349487,0.3783783783783784,0.8904968500137329,0.29411764705882354,0.8533210158348083,0.5294117647058824,0.9131739735603333
"#Person1#: May I take your order?
#Person2#: We haven't decided yet. Could you give us a little longer?
#Person1#: Yes, take your time, please.
#Person2#: Can we get something to drink? We want two bottles of beer.
#Person1#: Fine.
#Person2#: Could you tell us your specials today?
#Person1#: The special today is steak.
#Person2#: We'll take this steak dinner.
#Person1#: What would you like to go with your steak?
#Person2#: Peas and carrots.
#Person1#: I see. What would you like for dessert?
#Person2#: Icecream, please.","#Person1# serves #Person2# to order two bottles of beer, a steak dinner, and ice cream.",asks #Person1# to take the order. #Person2# asks #Person1# to take the steak dinner.,#Person1# asks #Person2# to take the order. #Person2# tells #Person1# the special today is steak.,"asksto order steak for dinner.Person1# asks for dessert. #Person2# asks for icecream, but #Person2# wants to drink ice cream.",will take the steak dinner today. #Person1# suggests asking #Person2# to take a special or two bottles of beer.,0.3448275862068965,0.8633430004119873,0.3333333333333333,0.8600054383277893,0.28571428571428575,0.8683149218559265,0.4117647058823529,0.882122278213501
"#Person1#: Can I help you?
#Person2#: I want a leather jacket.
#Person1#: What size, please?
#Person2#: Size 40.
#Person1#: What color would you prefer?
#Person2#: Let me see. Do you think a brown one will do?
#Person1#: Well, the brown one is beautiful indeed, but I think the black one will suit you better.
#Person2#: Really? Please get it for me.
#Person1#: Will there be anything else?
#Person2#: Is this dress made of pure silk?
#Person1#: Yes, it is. It's brilliant.
#Person2#: Is it washable?
#Person1#: Yes, it is. But you have to be careful.
#Person2#: How much, please?
#Person1#: Only 350 yuan.
#Person2#: All right. Will you wrap it for me?
#Person1#: OK. Here you are.",#Person2# buys a leather jacket and a dress made of pure silk with #Person1#'s recommendation.,asks #Person1# to buy a leather jacket. #Person2# asks #Person1# to buy a leather jacket.,asks #Person2# to buy a leather jacket. #Person1# asks #Person2# to wrap it for #Person2#.,"asks #Person1# about what a black dress will do - a leather jacket, and there is a leather jacket for #Person2#.",. #Person1# tells #Person2# the dress's white and black. The dress is perfect and the black one is gorgeous.,0.2580645161290323,0.8642944693565369,0.3225806451612903,0.8686704039573669,0.2777777777777778,0.8551818132400513,0.17142857142857143,0.8418455719947815
"#Person1#: The place I've heard so much about is Los Angeles. The climate is pretty good. Year-round flowers, Year-round swimming. How do like it?
#Person2#: Well, the beaches are beautiful. But people there are terribly annoyed by the dirty air. I mean, the combination of fog, smoke and automobile exhaust. There is not enough wind to blow it away.",#Person2# tells #Person1# people are annoyed by the dirty air in Los Angeles.,and #Person2# are annoyed by the dirty air. #Person1# says Los Angeles is pretty good. The climate is pretty good. The beaches are beautiful.,"#Person1# tells #Person2# Los Angeles's climate is pretty good, year-round flowers, Year-round swimming. #Person2# is annoyed by the dirty air.",is crazy and the bad air with poor air is the perfect source. #Person1# recommends to #Person2#.,"and #Person2# think the place is Los Angeles. It's good climate, year-round flowers, Year-round swimming. The beaches are beautiful.",0.48648648648648646,0.8706944584846497,0.33333333333333337,0.8926002979278564,0.13333333333333333,0.8356049656867981,0.2285714285714286,0.7943281531333923
"#Person1#: Sir, you've been using the online catalogue for quite a while. Is there anything I can do to help you?
#Person2#: Well, I've got to write a paper about Hollywood in the 30s and 40s, and I'm really struggling. There are hundreds of books, and I just don't know where to begin.
#Person1#: Your topic sounds pretty big. Why don't you narrow it down to something like.., uh... the history of the studios during that time?
#Person2#: You know, I was thinking about doing that, but more than 30 books came up when I typed in 'movie studios'.
#Person1#: You could cut that down even further by listing the specific years you want. Try adding '1930s' or '1940s' or maybe 'Golden Age'.
#Person2#: 'Golden Age' is a good idea, Let me type that in. Hey, look, just 6 books this time That's a lot better.
#Person1#: Oh, another thing you might consider. Have you tried looking for any magazines or newspaper articles?
#Person2#: No, I've only been searching for books.
#Person1#: Well, you can look up magazine articles in the Reader's Guide to Periodical Literature.
#Person2#: Okay, I think I'll get started with these books and then I'll go over the magazines.
#Person1#: If you need any help, I'll be over at the Reference Desk.
#Person2#: Great, thanks a lot.",#Person2# is struggling to choose the books about Hollywood in the 30s and 40s. #Person1# suggests he narrow the topic down by listing the specific years he wants. #Person1# tells #Person2# he can look up magazine articles.,"Sir, #Person1# has been using the online catalogue for quite a while. #Person1# is trying to narrow down the topic to something like. #Person2#'s got to write a paper about Hollywood in the 30s and 40s, and #Person1#'s struggling. #Person1#'s only been searching for","Sir, Sir, #Person1#'s been using the online catalogue for quite a while. #Person1#'s got to write a paper about Hollywood in the 30s and 40s, and #Person2#'s struggling. #Person1#'s only been searching for books. #Person2#'ll go over the magazines","Sir. #Person1# is using the online catalogue since I had to write a paper about Hollywood in the 30s and 40s and I have been struggling. They may choose to narrow that down even further by listing the specific years of the books they want. They will go over the magazines, and yes, they will get started.","#Person2#'s has been using the online catalogue for quite a while. #Person1# tells #Person2# that #Person1# narrows it down to something like the history of the studios . #Person2# advises #Person2# to type in magazines, articles and newspapers. #Person1# tell",0.28571428571428575,0.8676835894584656,0.24691358024691357,0.8510014414787292,0.3404255319148936,0.862555742263794,0.18181818181818182,0.8469161987304688
"#Person1#: So, how was your vacation? You went to Paris, didn't you?
#Person2#: Yeah, with my parents. We just got back on Saturday. It was wonderful!
#Person1#: What sights did you visit?
#Person2#: Well, we saw all the most famous places, the Eiffel Tower, Notre Dame Cathedral... They were so interesting.
#Person1#: Did you take any tours?
#Person2#: Just one - a boat tour on the Seine River.
#Person1#: Wow! That sounds fantastic.
#Person2#: Yeah. It was a great way to see the city.
#Person1#: Did you go to any of the famous art museums?
#Person2#: Yeah. My parents love art, so they spent hours in the museums. But for me, it was pretty boring. I'm just not very interested in paintings.
#Person1#: So, what else did you do?
#Person2#: Well, I guess my favorite thing to do was just to sit in cafes and watch the people. It was really relaxing, and French coffee is terrific.
#Person1#: It sounds like a great vacation to me. But I have work at hand. Hopefully I'll be there one day.",#Person1# asks #Person2# what #Person2# did during the vocation to Paris. #Person2# saw all the most famous places and enjoyed sitting in cafes most. #Person1#'s looking forward to a vacation.,and #Person2# went to Paris with #Person1#'s parents. #Person2# went to Paris and took some tours. #Person1# says it was great. #Person2# is very interested in paintings.,"and #Person2# went to Paris with #Person1#'s parents. #Person2# went to Paris, and #Person2# took some tours. #Person1# tells #Person2# #Person2#'s favorite thing to do was sit in cafes and watch the people.","'A great vacation', thanks for the visit to Paris and the 'Buy' is wonderful to read the city. The only thing to do is sit in cafes and watch the people.",to Paris and #Person2# spent the rest of the weekend with #Person1# and #Person1#'s parents. They did one - a boat tour on the Seine River. #Person1# tells #Person2# about the tour. They are glad they did. The place is great. They will be there one day.,0.20338983050847456,0.8614473938941956,0.24242424242424246,0.8705103397369385,0.1935483870967742,0.7544517517089844,0.20512820512820512,0.8349288105964661
"#Person1#: I'm tired of watching television. Let's go to cinema to- night.
#Person2#: All right. Do you want to go downtown? Or is there a good movie in the neighborhood?
#Person1#: I'd rather not spend a lot of money. What does the pa- per say about neighborhood theaters?
#Person2#: Here's the list on page... Column 6. Here it is. Where's the Rialto? There's a perfect movie there.
#Person1#: That's too far away. And it's hard to find a place to park there.
#Person2#: Well, the Grand Theater has Gone with the wind.
#Person1#: I saw that years ago. I couldn't wait to see it again. Moreover, it's too long. We wouldn't get home until midnight.
#Person2#: The Center has a horror film. You wouldn't want to see that?
#Person1#: No, indeed. I wouldn't be able to sleep tonight.
#Person2#: That's about ell there is. Unless we change our decision and go downtown.
#Person1#: No, we just can't pay for it. There must be something else we haven't seen.
#Person2#: Here, look for yourself, I can't find anything else.
#Person1#: Look at this!
#Person2#: What?
#Person1#: In the television timetable, there's a baseball game on television tonight.
#Person2#: I wasn't looking for a TV program. I was looking at the movie ads.
#Person1#: I know, but I just happened to notice it. New York is playing Boston.
#Person2#: That must be good. I wouldn't mind watching that.
#Person1#: OK. Let's stay home. We can go to the cinema Friday.","#Person1#'s tired of watching television, so #Person1# and #Person2# search on the paper to choose a movie to watch. But they don't decide a suitable one. #Person1# finds there will be a baseball game tonight, so they decide to stay at home.",is tired of watching television. #Person1# is tired of watching television. #Person2# wants to go downtown. #Person1# wants to go downtown. #Person2# wants to go downtown. #Person1# wants to go downtown. #Person2# wants to go downtown. #Person1# wants to go downtown.,is tired of watching television. #Person1# is tired of watching television. #Person2# is tired of watching television. #Person1# is tired of watching television. #Person2# wants to go downtown. #Person1# wants to go downtown. #Person2# wants to go downtown. #Person1# wants to go downtown.,": #Person2#'s tired of watching television and doesn't budget because it is too long. To go downtown, nobody can spend money on the TV. #Person1# says the Theater shows a baseball game tonight before midnight.","to go to theater to- night and go downtown. #Person2# does not need to pay for the movie, but #Person1# wants to go downtown. #Person1# does. They go downtown, but they don't want to buy one or another.",0.25882352941176473,0.8136040568351746,0.25287356321839083,0.8198049664497375,0.325,0.8563833832740784,0.24096385542168672,0.8237810134887695
"#Person1#: Say, Lisa, what are you watching?
#Person2#: A Japanese film. I'm going to spend all next year in Japan, and I'd better get to know more about its culture.
#Person1#: You mean you are accepted into the program?
#Person2#: Sure.
#Person1#: That's wonderful. You must be excited.
#Person2#: Excited and nervous. You know I must work on some basic conversation skills.
#Person1#: How much Japanese can you understand?
#Person2#: Only a little now. But I'll attend a special language class next month.
#Person1#: I wish I were as clever as you are in foreign languages. I'd love to study abroad.
#Person2#: Then why don't you? The school has a lot of programs that don't require the mastery of a foreign language. You just have to be the kind of person who is and can get used to a new environment fast.
#Person1#: I thought all programs required one to know a foreign language. Thank you for letting me know this.",Lisa's accepted into the program and will go to Japan next year. She encourages #Person1# to have a program that doesn't require the mastery of a foreign language.,and Lisa are accepted into the program. Lisa tells Lisa she wants to study abroad. Lisa tells Lisa she wants to study abroad. Lisa tells Lisa she wants to study abroad. Lisa tells Lisa she wants to learn Japanese.,is watching a Japanese film. Lisa tells Lisa she is accepted into the program. Lisa tells Lisa she wants to study abroad. Lisa tells Lisa she is excited and nervous. Lisa tells Lisa she needs to work on some basic conversation skills.,to the school. Lisa hopes Lisa will attend a special language class next month. Lisa agrees so that Lisa is accepted into the program. Lisa will attend the teacher's special language classes next month.,asks Lisa. Lisa asks Lisa to learn a Japanese film. Lisa offers Lisa basic conversation skills and will attend a special language class next month. Lisa tells Lisa everything else.,0.2318840579710145,0.805123507976532,0.2222222222222222,0.8028639554977417,0.24615384615384614,0.8203225135803223,0.16666666666666666,0.8205649256706238
"#Person1#: Morning, Sue. Did you enjoy your holiday in the country?
#Person2#: Yes, thanks. We had a great time. And some friends went with us.
#Person1#: Where did you stay? In a hotel?
#Person2#: No. We camped in the mountains, near Snowdon. We cooked all our meals over an open fire.
#Person1#: Sounds wonderful. Was the weather good?
#Person2#: The sun shone nearly every day and it didn't rain at all.
#Person1#: Did you like the people there?
#Person2#: Yes, they were great. We met some farmers and had tea in their houses.
#Person1#: When did you get back? Last night?
#Person2#: No. This morning. You'll think we were mad. We got up at 4:30, left at 5 and arrived here at 9. I'm so tired. What about you? Did you have a good weekend?
#Person1#: Yes, but I didn't do much. I stayed at home. The weather was terrible.","Sue had a great holiday in the country, and the weather was good. #Person1# just stayed at home at the weekend because of the terrible weather.",Sue and Sue enjoyed their holiday in the country. Sue and Sue enjoyed their holiday. Sue and Sue enjoyed their holiday in the country.,"Sue and Sue enjoyed their holiday in the country. They camped in the mountains, near Snowdon. They cooked all their meals over an open fire. Sue says the weather was good.",", Sue and Nancy, and Sue enjoy their holiday in the country. Sue and Sue enjoyed the sunshine and the best time to stay at home. #Person1# explained that the weather was bad. Sue left at 2:30, but Sue doesn't do much because it was terrible.",Sue and Sue enjoy their holiday in the country. Sue will think they were mad. Sue and Sue are still exhausted.,0.27999999999999997,0.7818485498428345,0.3157894736842105,0.8041361570358276,0.3287671232876712,0.8517012000083923,0.25531914893617025,0.780826985836029
"#Person1#: Why didn't you tell me you had a girlfriend? 
#Person2#: Sorry, I thought you knew. 
#Person1#: But you should have told me you were in love with her. 
#Person2#: Didn't I? 
#Person1#: You know you didn't. 
#Person2#: Well, I'm telling you now. 
#Person1#: Yes, but you might have told me before. 
#Person2#: I didn't think you'd be interested. 
#Person1#: You can't be serious. How dare you not tell me you were going to marry her? 
#Person2#: Sorry, I didn't think it mattered. 
#Person1#: Oh, you men! You're all the same. ",#Person1# is angry because #Person2# didn't tell #Person1# that #Person2# had a girlfriend and would marry her.,tells #Person1# that #Person2# didn't tell #Person1# you had a girlfriend. #Person2# tells #Person1# you didn't want to marry her.,#Person1# tells #Person2# #Person2# had a girlfriend. #Person2# doesn't think it mattered.,#Person1# did not tell #Person2# you had a girlfriend. #Person2# thinks it was important and tells #Person2# they were in love with the lady.,"did not tell him to marry her, so #Person1# was sorry. He didn't think it mattered, but #Person2# thinks the man’s going to marry her was the same.",0.55,0.9221472144126892,0.3870967741935484,0.9083585143089294,0.3333333333333333,0.9059963226318359,0.25,0.8543052077293396
"#Person1#: Please make yourselves at home. Let me take your coats. Dinner is almost ready. I hope you brought your appetite 
#Person2#: Your house is lovely, Armand! Very interesting decor. . . very. . . Gothic. 
#Person3#: I think it's amazing! You have such good taste, Armand. I'm thinking of re-decorating my house. maybe you could give me a few pointers? 
#Person1#: It would be my pleasure. Please have a seat. Can I offer you a glass of wine? 
#Person3#: We would love some! 
#Person1#: Here you are. A very special merlot brought directly from my home country. It has a unique ingredient which gives it a pleasant aroma and superior flavor 
#Person3#: Mmm. . . it's delicious! 
#Person2#: It's a bit bitter for my taste. . . almost tastes like. . . like. . . 
#Person3#: Ellen! Ellen! Are you okay? 
#Person1#: Did she pass out? 
#Person3#: Yeah. . . 
#Person1#: I hope that you didn't poison her drink too much! You'll ruin our meal! ","Ellen and #Person3# visit Armand's house, and they have dinner together. The glass of wine provided by Armand is a bit bitter for Ellen, and she passes out.",Ellen and Ellen are enjoying their house. Ellen is a special merlot brought directly from Armand and they are looking for some. Ellen is a bit bitter for her taste. Ellen is okay. Ellen is okay. Ellen is okay. Ellen will ruin our meal!,"Ellen, Ellen, Ellen, Ellen, Ellen, Ellen, Ellen, Ellen, Ellen, Ellen, Ellen, Ellen, Ellen, Ellen, Ellen, Ellen, Ellen, Ellen, Ellen, Ellen, Ellen, Ellen, Ellen, Ellen, Ellen, Ellen, Ellen, Ellen, Ellen, Ellen, Ellen, Ellen, Ellen, Ellen, Ellen, Ellen, Ellen, Ellen, Ellen, Ellen","Ellen is eating her House and the house is beautiful. Ellen does the merlot that Armand has been providing! Ellen gives Ellen a nice aroma, and she'll ruin our meal!","Ellen tells Ellen Ellen the house is lovely, Armand is a lovely place and shares the wine. Ellen thinks it's delicious and the wine has a unique ingredient which gives it a pleasant aroma and superior flavor. Ellen makes Ellen stand up!",0.3013698630136986,0.7855989933013916,0.057971014492753624,0.6303560733795166,0.26666666666666666,0.7889719605445862,0.2222222222222222,0.7702405452728271
"#Person1#: I just bought a new dress. What do you think of it?
#Person2#: You look really great in it. So are you going to a job interview or a party?
#Person1#: No, I was invited to give a talk in my school.
#Person2#: So how much did you pay for it?
#Person1#: I pay just $70 for it. I saved $30.
#Person2#: That's really a bargain.
#Person1#: You're right. Well, what did you do while I was out shopping?
#Person2#: I watched TV for a while and then I did some reading. It wasn't a very interesting book so I just read a few pages. Then I took a shower.
#Person1#: I thought you said you were going to see Mike.
#Person2#: I'll go and visit him at his home tomorrow. He'll return home tomorrow morning.
#Person1#: I'm glad he can finally returned home after that accident.","While #Person1# made a bargain to buy a new dress, #Person2# watched TV, read a boring book, and took a shower at home.",Mike returns home tomorrow. Mike tells #Person1# he'll visit him at his home tomorrow. Mike is a good friend.,Mike tells #Person1# he bought a new dress while out shopping. Mike tells #Person2# Mike is going to a job interview or a party. Mike tells #Person1# Mike will return home tomorrow.,Mike is back at his home tomorrow where he returns home. #Person1# reminds #Person1# #Person2# he is very happy I finally recover a break.,Mike and Mike will return home tomorrow. Mike returns to work today. Mike visits his home tomorrow because Mike was getting accident.,0.13953488372093023,0.7634152173995972,0.2909090909090909,0.818095326423645,0.1276595744680851,0.7943980693817139,0.08888888888888888,0.7146314978599548
"#Person1#: Hi, is Olivia there, please?
#Person2#: I'm sorry. She's out for lunch. Do you want to leave a message?
#Person1#: Yes. This is Harris. Could you tell Olivia that I'll wait for her at the box office of the cinema at 7:10?
#Person2#: Sure, Harris. You'll wait for her at the box office at 10.
#Person1#: No, at 7:10.
#Person2#: Oh, sorry, at 7:10. I'll tell Olyvia.
#Person1#: Thank you.","Harris calls Olivia, but Olivia's out. #Person2# asks him to leave a message.",tells Olivia Olivia that she'll wait for Olivia at the box office of the cinema at 7:10 and Olyvia will tell Olyvia.,tells Olivia Olivia that she'll wait for Olivia at the box office of the cinema at 7:10. Olyvia tells Harris that she'll wait for Olivia at 7:10.,Harris tell Olivia Olivia that she'll wait for Olivia at the box office at 7.10 at 7:10. #Person2# asks Olyvia to ask.,asks Olivia for the time to wait for Olivia. Harris's for Olivia and Olyvia.,0.10526315789473685,0.7205751538276672,0.08888888888888889,0.7312231659889221,0.30769230769230765,0.8058163523674011,0.20689655172413796,0.7515743374824524
"#Person1#: Hello, is this doctor, Smith's office?
#Person2#: Yes, it is. May I help you?
#Person1#: Yes, I'd like to speak to doctor Smith, please?
#Person2#: Doctor Smith went home this afternoon. May I ask who is calling?
#Person1#: This is Jim White.
#Person2#: Oh yes, mister White. Doctor Smith asked me to give you his home phone number.
#Person1#: Just a moment, please. Yes, what's the number?
#Person2#: His number is 77231059.
#Person1#: Thank you very much.
#Person2#: That's all right.","Jim calls Doctor Smith, but he isn't available. #Person2# asks Jim for his number.",Jim White tells Jim that Doctor Smith went home this afternoon. Jim White asks Jim to give him his home phone number. Jim says Jim is right.,Jim White asks Jim to give him his home phone number. Jim asks Jim to give him his home phone number.,Jim says that the doctor to Jim white has asked for his phone number for medical assistance. Jim is very helpful with the phone number and his appointment.,Jim White asks Jim and Joe to speak to the doctor Smith on the call.,0.33333333333333337,0.8244792222976685,0.2777777777777778,0.8080869317054749,0.27906976744186046,0.8075250387191772,0.20000000000000004,0.7883758544921875
"#Person1#: Why are you so excited, Edward? Is there anything happy?
#Person2#: Of course. Not only happy, but also meaningful. I took the subway to school this morning. Iin the subway station, I saw one novel lying on a seat there and another near the elevator.
#Person1#: Really? They must have been put there by someone for sharing.
#Person2#: Yes, I was curious in red one. What a good way to kill time on the way. I plan to put my book there, too. Just for sharing.
#Person1#: Great. But please, place it in a proper place and don't bother the traffic.
#Person2#: OK, I will.",Edward is excited because he thinks it's a good way to put books on the subway for people to kill time.,Edward is excited about Edward's book. Edward says Edward's book is happy. Edward says Edward will put it in a proper place and don't bother the traffic.,Edward and Edward are so excited about Edward's book. Edward says Edward's book should have been put in a proper place and don't bother the traffic.,"Edward is so excited and excited, Edward says: “Do not worry the traffic.” Edward is excited and enthusiastic enough. Eduard is happy.",Edward looks excited at the place. Edward explains. He says Edward is happy. He will put his novel there.,0.23076923076923075,0.8106225728988647,0.19607843137254902,0.8001680374145508,0.18181818181818182,0.7785418629646301,0.1951219512195122,0.7921726703643799
"#Person1#: Next week is your birthday party. How exciting! What do you want for your birthday?
#Person2#: Well, a car like yours would be fantastic.
#Person1#: Hmm...Maybe not a car just yet. You're only turning 9, you know? How about a doll?
#Person2#: Mom, I'm a boy. Boys don't play with stupid dolls, but a machine gun would be OK, too.
#Person1#: Well, not this time. Maybe we could get you a nice dress and a little purse, son. Maybe...
#Person2#: Maybe I should change my name to Mary since you seem to want a daughter so badly?","#Person2# wants a cool birthday present, but his mom wants to give him a sissy present.",and #Person2# tells #Person1# that the next week is your birthday party. #Person1# wants a car like yours. #Person2# wants a doll. #Person1# wants a nice dress and a purse.,tells #Person1# to change Mary's name to Mary because Mary seems to want a daughter so badly.,joins Mary (a boy). Then #Person1# and Mary make a car. They discuss birthday.,will tell Mary Mary. #Person1# turns 9 and will turn 9 next week will be our birthday party. Then we might have a good dress and purse.,0.21739130434782608,0.8228841423988342,0.11764705882352941,0.7838734984397888,0.13333333333333333,0.7787458896636963,0.09302325581395349,0.7813026309013367
"#Person1#: Are you still watching the soap opera, Nancy?
#Person2#: Yeah. I can't take my eyes off that when it is on.
#Person1#: Is it that appealing?
#Person2#: Well, the cast of the opera isn't very strong and the story isn't so impressive, but the main actor's acting is really outstanding, who is handsome, too.
#Person1#: Shall we think you need a break right now? There is a football match on channel eight.
#Person2#: Oh, stop talking about that stupid match. I really don't understand why certain people are running after one ball.
#Person1#: If we can choose program, I'd rather watch the documentary, this kind of soap opera is really boring.
#Person2#: Everyone has his own taste. And have you ever heard of the saying, 'One man's meat is another's poison.'
#Person1#: But you been in front of TV for almost 5 hours, even at dinner time. I had to say you were the most selfish person I have ever seen.
#Person2#: Well, well, watch channel.","Nancy's watching a soap opera, but #Person1# wants to watch a football match. Nancy refuses to have a break, so #Person1# says she is selfish.","Nancy is still watching the soap opera, but Nancy says Nancy's acting is outstanding, and Nancy thinks Nancy needs a break right now. Nancy says Nancy is the most selfish person I have ever seen. Nancy says Nancy is watching the soap opera. Nancy says Nancy is the most selfish person.","Nancy is still watching the soap opera, but Nancy isn't very strong and the story isn't so impressive, but the main actor's acting is really outstanding, who is handsome, too. Nancy thinks she needs a break right now.","Nancy thinks Nancy still watches the soap opera, so Nancy will watch the show, and Nancy agrees. Nancy thinks Nancy's playable acting is outstanding, but Nancy doesn't understand why certain people are running after one ball, but Nancy does not understand why some people are running after one ball. Nancy thinks she was the most selfish person I have ever seen.","Nancy calls Nancy the soap opera's quality, and Nancy refuses to watch the documentary because Nancy's acting is outstanding. Nancy wants to watch the programme, which features the main actor's acting, and Nancy's personality. Nancy tells Nancy she is only concerned about the football match. Nancy says Nancy is the most selfish person I have ever seen.",0.28205128205128205,0.8353609442710876,0.23880597014925378,0.7997002601623535,0.15730337078651685,0.8151611685752869,0.27586206896551724,0.825768232345581
"#Person1#: Mister Ewing said we should show up at the conference center at 4 o'clock, right?
#Person2#: Yes, he specially asked us not to be late. Some of the people from our East York branch office are coming and he wants to make a good impression on them. How are you getting there?
#Person1#: I was thinking of taking my car but I think I'm just going to take the underground because there is construction on the highway. What about you?
#Person2#: I'll be taking the underground as well. Why don't we go together? I've been to the conference center only once, and I'm not sure if I can find my way around there.","To get to the conference centre early, #Person1# and #Person2# decide to take the underground, and #Person2# proposes to go there together.",and Mister Ewing tells Mister Ewing that Mister Ewing should show up at the conference center at 4 o'clock. Mister Ewing also asks Mister Ewing not to be late. Mister Ewing will take the underground.,"Mister Ewing told Mister Ewing that we should show up at the conference center at 4 o'clock, right? Mister Ewing says Mister Ewing will take the underground because there is construction on the highway.","asking Mister Ewing not to be late and Mister Ewing said we should show up at the conference center at 4 o'clock, and Mister Ewing said Mister Ewing and #Person2# agree that Mister Ewing wanted not to be late and Mister Ewing is going to take the underground here.",Mister Ewing accompanied Mister Ewing to the conference center and Mister Ewing wants to arrive at the conference center at 4 o'clock. Mister Ewing insists that he will take the underground and some people from the East York branch office are coming to take the underground.,0.20689655172413793,0.7393703460693359,0.21052631578947367,0.7437615394592285,0.25,0.816498339176178,0.28985507246376807,0.7700536251068115
"#Person1#: What's the accommodation like in London Ahmed?
#Person2#: Well, it's a bit difficult. There are thousands of overseas students here, you know.
#Person1#: Would it be better to stay in a hotel, to share a flat, or to stay with a family?
#Person2#: It would probably be better to stay with a family to begin with, Carla.
#Person1#: You wouldn't recommend sharing a flat?
#Person2#: No, I wouldn't move into a flat if I were you. You won't get much studying done in a flat. You'll spend half your time cooking and cleaning.
#Person1#: How can I find out about families who take in students?
#Person2#: There's a list at the student union building on campus. The people at the student union should be able to help you find a family to stay with.",#Person2# recommends Carla to stay with a family because living in a flat will take much time to cook and clean.,Carla recommends Carla to stay with a family in London Ahmed. Carla recommends Carla to stay with a family. Carla recommends Carla to share a flat and Carla recommends Carla to stay with a family. Carla recommends Carla to stay with a family. Carla recommends Carla to stay with a family.,"Carla recommends Carla to stay in a hotel, share a flat, or stay with a family to begin with. Carla recommends Carla to stay with a family. Carla recommends Carla to stay in a flat, share a flat, or stay with a family. Carla recommends Carla to stay with a family. Carl",Carla and Carla share a flat in London Ahmed because their accommodation is expensive and they prefer to stay with a family. Carla hopes Carla's time working as an assistant in London Ahmed's students can guide Carla by finding a family. Carla asks Carla to find out how to find a comfortable place to stay with.,Carla explains the accommodation like in London Ahmed and how to stay with a family. Carla is not asking Carla to move into a flat. Carla suggests sharing a flat. Carla advises Carla to stay with a family.,0.3055555555555556,0.8219702839851379,0.3013698630136986,0.8045673370361328,0.22784810126582278,0.7976627349853516,0.30508474576271183,0.8256354928016663
"#Person1#: Excuse me where is the airport?
#Person2#: Um, it's pretty far away. I can show you on the map on my smart phone.
#Person1#: Oh, sorry, and what I meant is how can I get there?
#Person2#: Well, that depends. Do you want to get there quickly or cheaply?
#Person1#: Probably the latter would be better.
#Person2#: All right. If you go down one block and take a left, you'll see the number 12 subway station. Take the number 12 all the way to Grove Street. And then transferred to the airport express' train.
#Person1#: How will I know where to change trains?
#Person2#: There will be announcements on the train. But I'm sure there will also be a lot of other people with big suitcases. You can just follow them.",#Person1# asks #Person2# a cheap way to get to the airport. #Person2# guides #Person1# to take the subway and then transfer to the airport express's train.,tells #Person1# where is the airport. #Person2# tells #Person1# #Person2# can show #Person1# on the map on #Person2#'s smart phone. #Person2# will change trains.,tells #Person1# where is the airport. #Person2# tells #Person1# the airport is pretty far away. #Person2# tells #Person1# how to get there quickly or cheaply.,"to help people walk in and transfer to the airport express' train to Grove Street. #Person2# tells #Person1# the airport airport is nearby. He's right, and #Person2# recommends some things, but #Person1# isn't going to change trains.",asks #Person1# how to get to the airport. He tells him that the airport is pretty far away and people who do have big suitcases don't agree with #Person2#'s plans.,0.2692307692307692,0.8657572865486145,0.2692307692307692,0.8652284741401672,0.27272727272727276,0.8691220879554749,0.3050847457627119,0.840878963470459
"#Person1#: Were you a leader when you were in college?
#Person2#: Yes. I was Propaganda department minister of our university.
#Person1#: Did you get any honors or awards at your university?
#Person2#: No. It ' s a pity about it.
#Person1#: Were you involved in any club activities at your university?
#Person2#: Yes. I was a member of the basketball Society. I like playing basketball.
#Person1#: What extracurricular activities did you usually take part in at your college?
#Person2#: I sometimes played basketball and sometimes played football.",#Person2# tells #Person1# #Person2# was Propaganda department minister and played basketball in college.,was a Propaganda department minister of our university. #Person1# was a leader when in college. #Person2# was a member of the basketball Society.,was a Propaganda department minister of our university. #Person1# was a leader when you were in college. #Person2# was a member of the basketball Society.,’ #Person2# also participates in club activities at the college. #Person2# is a pity.,are not allowed to participate in club activities at your university. #Person2# plays basketball and football.,0.33333333333333337,0.8812556266784668,0.3157894736842105,0.8763540983200073,0.23076923076923078,0.8452048897743225,0.13793103448275862,0.8167953491210938
