input_text,reference,greedy,beam,top_k,top_p,greedy_overlap,greedy_model,beam_overlap,beam_model,top_k_overlap,top_k_model,top_p_overlap,top_p_model,greedy_factuality,greedy_fluency,greedy_coherence,beam_factuality,beam_fluency,beam_coherence,top_k_factuality,top_k_fluency,top_k_coherence,top_p_factuality,top_p_fluency,top_p_coherence
"#Person1#: Hi, Mr. Smith. I'm Doctor Hawkins. Why are you here today?
#Person2#: I found it would be a good idea to get a check-up.
#Person1#: Yes, well, you haven't had one for 5 years. You should have one every year.
#Person2#: I know. I figure as long as there is nothing wrong, why go see the doctor?
#Person1#: Well, the best way to avoid serious illnesses is to find out about them early. So try to come at least once a year for your own good.
#Person2#: Ok.
#Person1#: Let me see here. Your eyes and ears look fine. Take a deep breath, please. Do you smoke, Mr. Smith?
#Person2#: Yes.
#Person1#: Smoking is the leading cause of lung cancer and heart disease, you know. You really should quit.
#Person2#: I've tried hundreds of times, but I just can't seem to kick the habit.
#Person1#: Well, we have classes and some medications that might help. I'll give you more information before you leave.
#Person2#: Ok, thanks doctor.","Mr. Smith's getting a check-up, and Doctor Hawkins advises him to have one every year. Hawkins'll give some information about their classes and medications to help Mr. Smith quit smoking.",Mr. Smith. Mr. Smith is Doctor Hawkins. Mr. Smith recommends getting a check-up. Mr. Smith tells Mr. Smith that Mr. Smith should have one every year. Mr. Smith recommends taking a deep breath. Mr. Smith tells Mr. Smith that Mr. Smith's smoking is the leading cause of lung cancer and heart disease,Mr. Smith. Mr. Smith is Doctor Hawkins. Mr. Smith recommends getting a check-up. Mr. Smith tells Mr. Smith the best way to avoid serious illnesses is to find out about them early. Mr. Smith advises Mr. Smith to get a check-up.,"Professor Hawkins and Dr. Martin will get a check-up for their own good. Mr. Smith said Mr. Smith was suffering cancer and heart disease the day before, and Mr. Smith asks Dr. Hawkins about smoking. All they learn is to be present.",Mr. Smith. Mr. Smith asks Ms. Smith why he needs a check-up. Mr. Smith calls him Doctor Hawkins. Mr. Smith recommends Mr. Smith's diagnosis. Mr. Smith calls Mr. Smith to check-up and says he has smoke. Mr. Smith gives him more information before leaving.,0.298850575,0.856212378,0.263157895,0.853834152,0.210526316,0.835890234,0.275,0.841644108,2,1,2,1,2,1,1,3,2,1,2,2
"#Person1#: Hello Mrs. Parker, how have you been?
#Person2#: Hello Dr. Peters. Just fine thank you. Ricky and I are here for his vaccines.
#Person1#: Very well. Let's see, according to his vaccination record, Ricky has received his Polio, Tetanus and Hepatitis B shots. He is 14 months old, so he is due for Hepatitis A, Chickenpox and Measles shots.
#Person2#: What about Rubella and Mumps?
#Person1#: Well, I can only give him these for now, and after a couple of weeks I can administer the rest.
#Person2#: OK, great. Doctor, I think I also may need a Tetanus booster. Last time I got it was maybe fifteen years ago!
#Person1#: We will check our records and I'll have the nurse administer and the booster as well. Now, please hold Ricky's arm tight, this may sting a little.",Mrs Parker takes Ricky for his vaccines. Dr. Peters checks the record and then gives Ricky a vaccine.,and Mrs. Parker are here for his vaccines. Dr. Peters is here for his vaccination records. Dr. Peters will check the records and the nurse will administer Ricky's vaccine.,and Mrs. Parker are here for his vaccines. Dr. Peters and Dr. Peters are here for Ricky's vaccination records. Dr. Peters will check the records and I will have the nurse administer and the booster.,". Dr Peters, I have some infos. Dr. Peters will be recommending a Tetanus booster and to Dr Peters, Dr. Peters will check their records, and Mr. Peters will have a Tetanus booster.",", and Mrs. Parker are here for his vaccines. Dr. Peters is good because of the vaccines and Dr Peters recommends Ricky's vaccines and Dr Peters will check the records. Mr. Peters recommends Ricky's injection and the booster. Mrs. Parker, #Person1# says he may need a Tetan",0.458333333,0.877043724,0.333333333,0.859300017,0.16,0.784823775,0.333333333,0.865061939,2,2,2,2,2,3,1,3,2,2,2,1
"#Person1#: Excuse me, did you see a set of keys?
#Person2#: What kind of keys?
#Person1#: Five keys and a small foot ornament.
#Person2#: What a shame! I didn't see them.
#Person1#: Well, can you help me look for it? That's my first time here.
#Person2#: Sure. It's my pleasure. I'd like to help you look for the missing keys.
#Person1#: It's very kind of you.
#Person2#: It's not a big deal.Hey, I found them.
#Person1#: Oh, thank God! I don't know how to thank you, guys.
#Person2#: You're welcome.",#Person1#'s looking for a set of keys and asks for #Person2#'s help to find them.,#Person1# and #Person2# are very kind of #Person1#. They're welcome.,#Person2#'s first time here. #Person1# asks #Person2# to help #Person2# look for missing keys.,"it. #Person1# finds five places and a small foot ornament. #Person2# likes to search for the missing keys, and also likes to get some help.","Thank God, #Person1#, for finding them. #Person2# asks him to help you locate the missing keys and pick him up and finds the missing keys.",0.214285714,0.810379446,0.25,0.890726268,0.238095238,0.847626567,0.19047619,0.860242426,3,2,2,3,3,2,1,4,1,2,3,2
"#Person1#: Why didn't you tell me you had a girlfriend?
#Person2#: Sorry, I thought you knew.
#Person1#: But you should tell me you were in love with her.
#Person2#: Didn't I?
#Person1#: You know you didn't.
#Person2#: Well, I am telling you now.
#Person1#: Yes, but you might have told me before.
#Person2#: I didn't think you would be interested.
#Person1#: You can't be serious. How dare you not tell me you are going to marry her?
#Person2#: Sorry, I didn't think it mattered.
#Person1#: Oh, you men! You are all the same.",#Person1#'s angry because #Person2# didn't tell #Person1# that #Person2# had a girlfriend and would marry her.,tells #Person1# #Person2# you had a girlfriend. #Person1# tells #Person2# you were in love with her.,#Person1# tells #Person2# #Person2# had a girlfriend. #Person1# tells #Person2# #Person2# is in love with her. #Person2# doesn't think it mattered.,#Person2# should tell #Person1# you had a girlfriend. #Person2# also asks #Person2# not. #Person2# doesn't understand.,#Person1# tells #Person2# #Person1# you have a girlfriend. #Person1# asks #Person2# to tell you they were in love with her.,0.352941176,0.876492977,0.35,0.903772891,0.342857143,0.899615288,0.315789474,0.895627558,2,1,1,1,2,2,2,2,2,1,2,2
"#Person1#: Watsup, ladies! Y'll looking'fine tonight. May I have this dance?
#Person2#: He's cute! He looks like Tiger Woods! But, I can't dance. . .
#Person1#: It's all good. I'll show you all the right moves. My name's Malik.
#Person2#: Nice to meet you. I'm Wen, and this is Nikki.
#Person1#: How you feeling', vista? Mind if I take your friend'round the dance floor?
#Person2#: She doesn't mind if you don't mind getting your feet stepped on.
#Person1#: Right. Cool! Let's go!",Malik invites Nikki to dance. Nikki agrees if Malik doesn't mind getting his feet stepped on.,Malik and Nikki. #Person1# will dance. #Person2# tells Malik that Nikki can't dance. #Person1# and Nikki are both happy.,Malik and Nikki. #Person1# tells Malik that Nikki can't dance. #Person2# will show #Person1# all the right moves. #Person1# and Nikki agree.,". #Person1#, Malik, and Nikki are great and I will meet you for the dance. It's good. #Person2# asks Nikki for the dance.","Nikki’s happy tonight. #Person2# finds Malik, so the dance is good. Nikki, Nikki and Nikki are very welcome and happy to see Nikki dance.",0.27027027,0.766072154,0.2,0.77194041,0.2,0.744888544,0.19047619,0.767755985,3,3,2,1,2,1,2,3,1,2,1,2
