prompt,greedy_text,greedy_perplexity,beam_text,beam_perplexity,top_k_text,top_k_perplexity,top_p_text,top_p_perplexity
Once upon a time,"Once upon a time, there were 3000 people in a town. The number of people who are in the town is 3000. The number of people who are in the town is ",3.210225820541382,"Once upon a time, there were 100000000000000000000000000000000000",2.0773720741271973,"Once upon a time, there were 30 people in the room. They all had a table. There were 10 tables. Each table had 6 chairs. How many chairs were there in total?

Let",4.483726501464844,"Once upon a time, in the 19th century, there was a group of people who lived in a small village. They lived in a small village in the mountains. The village had a large number of people",4.081414699554443
The future of artificial intelligence,"The future of artificial intelligence in healthcare is a topic that is gaining increasing attention in both scientific and public discourse. As technology continues to evolve, the potential applications of AI in healthcare are expanding, and the implications for patient care are",2.665065288543701,"The future of artificial intelligence (AI) in healthcare is poised to revolutionize the way we diagnose, treat, and manage chronic diseases. However, this transformation is not without its challenges. As AI systems become more integrated into daily",2.127661943435669,"The future of artificial intelligence in the workplace is a topic that is gaining significant attention in recent years. As AI technologies continue to evolve and integrate into various industries, it is essential to explore how these advancements will shape the work environment",2.8738038539886475,"The future of artificial intelligence in healthcare is a multifaceted topic that intertwines technological innovation with ethical considerations. As we delve into this complex domain, it is essential to recognize that AI's potential is not merely a technological leap",2.9132769107818604
In Taiwan,"In Taiwan, the government has implemented a policy to reduce the number of people who are not in the workforce. This policy is called the ""Reduction of the number of people not in the workforce"" policy.",4.1618547439575195,"In Taiwan, what is the name of the government that is responsible for the education system?
Answer:
In Taiwan, the government responsible for the education system is the **Government of the Republic of Taiwan**. This",2.7847955226898193,"In Taiwan, the number of people living in the city of Chongming is 3,000,000. The number of people living in the city of Shenzhen is 80",3.663839340209961,"In Taiwan, there is a concept of ""solar power"". What does this concept mean? Is there a specific number of solar power plants in Taiwan that can be used for electricity production? How does the solar",6.6829047203063965
The best way to learn,"The best way to learn about the future is to look at the past. This is a common saying, but it's not always easy to implement. The author's main point is to argue that the future is not just about",4.227779865264893,"The best way to learn is to practice, and the best way to practice is to learn from others. So, the best way to learn is to practice, and the best way to practice is to learn from others. So",2.492111921310425,"The best way to learn the new language is to practice it with the native speakers. This is because the native speakers can speak it well, so they have the opportunity to practice it. This is a good way to learn the",4.985671520233154,"The best way to learn to use a calculator is to read the instruction manual. If the instruction manual is not available, then you can only use the calculator to compute the following: A. $2000 + ",5.336819648742676
To be or not to be,"To be or not to be, or to be, or to be... is a classic example of a philosophical question. It is a question that has been debated for centuries. The question is whether one should be or not be a",4.975733280181885,"To be or not to be is a question of life or death, and it is a question of life or death, and it is a question of life or death, and it is a question of life or death, and it",2.8112642765045166,"To be or not to be, that is the question... and that is the answer, says the philosopher, but you don't have to think about it. It's just a question and an answer. So the best way to",5.936470985412598,"To be or not to be, but to be... is the question that is asked in the question of the day. This is a classic example of the famous quote by Socrates, ""Socrates said, 'Not to be",5.996925354003906
